match_id,user1_id,user2_id,match_date
1,122,354,3/17/2024
2,365,157,4/5/2024
3,288,187,9/14/2024
4,60,438,12/30/2024
5,402,306,2/6/2025
6,152,310,4/13/2024
7,42,447,11/26/2024
8,122,47,5/21/2024
9,400,308,12/14/2024
10,445,208,12/22/2024
11,316,371,5/14/2024
12,352,165,4/11/2024
13,479,221,4/11/2024
14,88,125,9/15/2024
15,92,59,3/26/2024
16,8,90,12/30/2024
17,196,123,7/12/2024
18,76,14,10/15/2024
19,294,492,4/23/2024
20,372,306,10/1/2024
21,127,102,3/11/2024
22,234,235,12/3/2024
23,390,275,8/10/2024
24,233,257,5/22/2024
25,436,209,5/23/2024
26,172,72,12/17/2024
27,484,105,10/12/2024
28,412,58,12/8/2024
29,385,333,1/9/2025
30,372,311,12/8/2024
31,378,404,4/1/2024
32,188,73,8/10/2024
33,160,31,5/31/2024
34,211,52,1/19/2025
35,314,97,9/6/2024
36,149,338,1/8/2025
37,386,161,5/30/2024
38,32,376,10/16/2024
39,151,34,10/9/2024
40,314,105,7/13/2024
41,257,419,5/21/2024
42,78,466,6/21/2024
43,132,7,3/11/2024
44,133,215,4/1/2024
45,112,370,2/16/2025
46,241,53,9/18/2024
47,237,310,10/22/2024
48,242,87,8/31/2024
49,245,131,4/11/2024
50,215,49,5/5/2024
51,300,98,11/14/2024
52,57,394,2/20/2025
53,116,474,6/15/2024
54,99,222,5/6/2024
55,442,224,6/8/2024
56,41,105,5/23/2024
57,278,498,4/22/2024
58,229,418,3/25/2024
59,319,455,2/12/2025
60,122,299,4/7/2024
61,8,467,11/13/2024
62,470,254,8/17/2024
63,121,67,2/22/2025
64,47,410,5/22/2024
65,8,234,2/12/2025
66,191,128,5/6/2024
67,167,217,12/31/2024
68,391,25,5/4/2024
69,266,489,7/26/2024
70,483,403,3/23/2024
71,68,17,12/19/2024
72,66,10,10/31/2024
73,433,233,12/31/2024
74,47,1,2/29/2024
75,303,472,6/4/2024
76,347,343,11/13/2024
77,190,145,7/15/2024
78,366,462,3/4/2024
79,374,163,1/23/2025
80,72,280,2/2/2025
81,189,315,12/20/2024
82,122,204,12/7/2024
83,90,56,5/7/2024
84,321,423,8/3/2024
85,306,126,10/8/2024
86,219,122,7/24/2024
87,301,167,10/30/2024
88,405,358,8/19/2024
89,123,350,1/20/2025
90,177,459,7/28/2024
91,481,55,12/24/2024
92,192,374,2/8/2025
93,321,107,11/29/2024
94,254,60,8/29/2024
95,55,261,6/21/2024
96,432,309,5/28/2024
97,187,148,7/21/2024
98,463,243,8/14/2024
99,397,69,6/9/2024
100,98,43,8/11/2024
101,253,450,7/31/2024
102,392,433,5/28/2024
103,232,141,12/11/2024
104,191,128,1/8/2025
105,475,79,10/20/2024
106,287,281,9/13/2024
107,393,1,1/19/2025
108,373,180,10/16/2024
109,195,27,12/30/2024
110,392,140,4/13/2024
111,107,61,10/26/2024
112,391,327,1/25/2025
113,1,195,10/14/2024
114,60,439,9/25/2024
115,147,26,7/16/2024
116,488,21,1/4/2025
117,425,83,7/24/2024
118,146,466,9/28/2024
119,179,228,11/22/2024
120,64,298,12/21/2024
121,454,481,7/6/2024
122,128,470,7/29/2024
123,467,126,4/18/2024
124,453,447,12/16/2024
125,87,366,12/28/2024
126,141,193,9/4/2024
127,125,109,5/22/2024
128,138,255,12/6/2024
129,3,457,7/17/2024
130,202,367,10/28/2024
131,41,396,6/14/2024
132,249,379,4/12/2024
133,6,141,8/2/2024
134,50,480,6/23/2024
135,310,99,11/4/2024
136,87,92,11/6/2024
137,178,83,5/30/2024
138,30,297,6/25/2024
139,477,450,11/19/2024
140,334,79,10/1/2024
141,268,87,2/19/2025
142,265,374,5/18/2024
143,323,317,1/11/2025
144,464,207,3/18/2024
145,12,173,4/14/2024
146,498,206,10/26/2024
147,150,285,12/11/2024
148,266,172,6/2/2024
149,299,381,7/14/2024
150,14,275,12/1/2024
151,496,419,9/14/2024
152,452,301,3/13/2024
153,419,109,1/10/2025
154,293,381,6/24/2024
155,90,427,7/30/2024
156,18,214,10/15/2024
157,30,36,7/16/2024
158,152,333,2/7/2025
159,3,142,8/22/2024
160,348,396,5/10/2024
161,287,437,11/9/2024
162,167,7,3/16/2024
163,176,433,7/23/2024
164,192,399,4/14/2024
165,15,497,7/23/2024
166,66,70,3/9/2024
167,63,107,8/17/2024
168,436,458,1/2/2025
169,60,500,10/26/2024
170,422,8,8/19/2024
171,107,388,7/14/2024
172,411,220,2/23/2025
173,168,92,9/4/2024
174,44,85,7/21/2024
175,73,83,3/11/2024
176,205,246,1/9/2025
177,486,26,12/27/2024
178,334,102,9/12/2024
179,156,66,8/28/2024
180,498,471,4/4/2024
181,425,286,10/9/2024
182,298,141,7/14/2024
183,98,490,12/11/2024
184,85,466,4/20/2024
185,430,157,6/22/2024
186,454,35,11/4/2024
187,63,179,1/1/2025
188,253,243,5/24/2024
189,105,161,6/27/2024
190,6,173,12/11/2024
191,290,107,8/9/2024
192,473,192,5/7/2024
193,307,439,11/30/2024
194,433,155,5/12/2024
195,496,304,1/24/2025
196,405,354,9/5/2024
197,412,136,9/16/2024
198,485,139,8/30/2024
199,322,306,4/1/2024
200,11,89,9/23/2024
