subscription_id,user_id,plan_type,start_date,end_date
1,76,Free,6/22/2024,5/19/2025
2,291,Silver,12/8/2024,2/19/2026
3,87,Free,11/7/2024,3/31/2025
4,215,Gold,2/27/2025,2/19/2026
5,408,Free,4/6/2024,8/29/2025
6,278,Gold,10/30/2024,2/26/2026
7,361,Free,3/14/2024,8/1/2025
8,174,Gold,1/16/2025,2/24/2026
9,475,Free,8/15/2024,6/27/2025
10,417,Silver,8/1/2024,2/19/2026
11,282,Gold,12/23/2024,11/22/2025
12,278,Gold,1/4/2025,11/29/2025
13,422,Silver,10/18/2024,3/13/2025
14,433,Free,6/16/2024,7/31/2025
15,154,Gold,5/5/2024,4/18/2025
16,247,Silver,4/6/2024,3/17/2025
17,292,Gold,1/9/2025,12/11/2025
18,492,Free,2/13/2025,7/6/2025
19,25,Gold,6/15/2024,4/19/2025
20,336,Free,5/9/2024,9/3/2025
21,215,Free,12/13/2024,7/12/2025
22,214,Free,11/22/2024,11/11/2025
23,212,Free,5/3/2024,1/7/2026
24,383,Free,6/15/2024,10/5/2025
25,239,Gold,6/9/2024,9/7/2025
26,142,Free,6/2/2024,10/19/2025
27,226,Gold,5/3/2024,7/15/2025
28,97,Gold,12/19/2024,3/7/2025
29,398,Silver,2/2/2025,5/17/2025
30,148,Gold,11/17/2024,4/4/2025
31,292,Silver,6/6/2024,6/18/2025
32,431,Gold,3/11/2024,11/15/2025
33,498,Silver,9/1/2024,1/28/2026
34,375,Free,7/29/2024,6/8/2025
35,497,Free,1/14/2025,9/18/2025
36,103,Gold,8/7/2024,11/30/2025
37,135,Silver,6/6/2024,4/4/2025
38,209,Free,12/16/2024,1/23/2026
39,301,Gold,10/31/2024,3/27/2025
40,170,Silver,4/7/2024,4/6/2025
41,10,Gold,4/22/2024,11/14/2025
42,305,Silver,7/31/2024,9/3/2025
43,44,Gold,9/25/2024,6/15/2025
44,339,Gold,10/25/2024,8/23/2025
45,498,Free,8/25/2024,7/20/2025
46,299,Gold,9/19/2024,12/21/2025
47,115,Gold,5/16/2024,10/18/2025
48,468,Free,8/19/2024,4/26/2025
49,258,Silver,7/1/2024,1/17/2026
50,418,Free,7/27/2024,11/24/2025
51,474,Free,8/4/2024,2/4/2026
52,417,Gold,2/28/2025,6/9/2025
53,197,Free,12/9/2024,1/21/2026
54,220,Silver,3/4/2024,2/11/2026
55,178,Silver,7/22/2024,3/1/2025
56,355,Free,8/21/2024,7/5/2025
57,335,Free,1/1/2025,1/14/2026
58,469,Free,10/10/2024,3/8/2025
59,212,Free,7/19/2024,7/18/2025
60,442,Silver,11/5/2024,3/29/2025
61,354,Gold,12/23/2024,10/6/2025
62,156,Silver,3/2/2024,7/15/2025
63,278,Free,10/28/2024,10/14/2025
64,450,Silver,7/4/2024,12/8/2025
65,360,Silver,7/12/2024,2/4/2026
66,252,Free,12/24/2024,7/27/2025
67,146,Gold,2/16/2025,4/30/2025
68,143,Free,12/5/2024,5/3/2025
69,128,Silver,10/11/2024,10/18/2025
70,178,Gold,9/26/2024,8/2/2025
71,350,Silver,11/9/2024,5/5/2025
72,201,Free,10/27/2024,7/13/2025
73,457,Gold,2/4/2025,10/6/2025
74,107,Silver,6/4/2024,4/8/2025
75,444,Silver,9/25/2024,10/3/2025
76,249,Silver,4/25/2024,10/22/2025
77,306,Free,2/28/2025,9/9/2025
78,431,Gold,1/7/2025,7/16/2025
79,86,Gold,9/25/2024,12/9/2025
80,454,Silver,9/5/2024,5/6/2025
81,139,Silver,12/14/2024,10/2/2025
82,449,Silver,3/13/2024,4/3/2025
83,330,Free,8/11/2024,9/28/2025
84,368,Gold,7/24/2024,11/15/2025
85,163,Free,7/12/2024,4/23/2025
86,169,Silver,3/23/2024,6/25/2025
87,481,Gold,4/9/2024,5/13/2025
88,495,Silver,4/20/2024,9/13/2025
89,21,Free,9/2/2024,1/26/2026
90,451,Gold,9/18/2024,10/7/2025
91,307,Free,5/29/2024,1/23/2026
92,375,Gold,1/2/2025,3/18/2025
93,96,Silver,12/18/2024,6/7/2025
94,53,Free,5/25/2024,9/30/2025
95,281,Free,5/2/2024,12/21/2025
96,81,Gold,2/15/2025,11/14/2025
97,480,Free,12/28/2024,8/19/2025
98,327,Silver,11/7/2024,1/15/2026
99,5,Silver,3/24/2024,5/2/2025
100,424,Gold,8/7/2024,5/21/2025
101,499,Free,11/13/2024,6/8/2025
102,291,Gold,1/2/2025,5/11/2025
103,45,Free,10/30/2024,4/11/2025
104,172,Gold,2/29/2024,1/23/2026
105,348,Free,12/4/2024,9/13/2025
106,484,Silver,12/20/2024,1/12/2026
107,396,Free,11/28/2024,8/2/2025
108,130,Silver,9/15/2024,5/11/2025
109,326,Silver,3/6/2024,3/8/2025
110,181,Free,7/16/2024,3/11/2025
111,86,Gold,7/7/2024,8/28/2025
112,256,Gold,2/23/2025,11/20/2025
113,259,Silver,7/25/2024,6/18/2025
114,303,Free,11/20/2024,2/22/2026
115,484,Free,7/27/2024,5/19/2025
116,492,Free,2/28/2025,11/16/2025
117,302,Silver,6/29/2024,2/21/2026
118,36,Free,12/8/2024,4/7/2025
119,82,Free,3/31/2024,5/28/2025
120,70,Silver,5/10/2024,6/28/2025
121,320,Gold,10/21/2024,5/17/2025
122,33,Silver,12/11/2024,12/26/2025
123,160,Free,11/23/2024,3/2/2025
124,349,Gold,12/22/2024,11/2/2025
125,150,Free,12/4/2024,9/27/2025
126,149,Silver,5/5/2024,12/7/2025
127,401,Free,9/15/2024,12/15/2025
128,273,Free,10/1/2024,8/22/2025
129,490,Gold,3/4/2024,5/2/2025
130,12,Silver,12/29/2024,11/6/2025
131,430,Silver,5/23/2024,4/28/2025
132,53,Gold,11/18/2024,3/24/2025
133,141,Gold,4/13/2024,4/16/2025
134,233,Silver,5/5/2024,11/3/2025
135,145,Silver,9/15/2024,10/18/2025
136,412,Free,10/9/2024,8/23/2025
137,143,Silver,5/24/2024,12/30/2025
138,398,Silver,7/1/2024,11/30/2025
139,180,Free,3/31/2024,2/14/2026
140,467,Silver,8/30/2024,11/14/2025
141,434,Gold,5/13/2024,5/18/2025
142,71,Gold,6/4/2024,8/17/2025
143,424,Gold,1/27/2025,8/15/2025
144,411,Silver,12/2/2024,4/19/2025
145,120,Silver,8/15/2024,1/25/2026
146,327,Gold,1/19/2025,6/26/2025
147,63,Gold,11/23/2024,4/8/2025
148,61,Free,6/21/2024,5/19/2025
149,361,Silver,4/3/2024,5/8/2025
150,407,Silver,9/1/2024,5/28/2025
151,466,Silver,4/24/2024,3/27/2025
152,166,Gold,9/26/2024,1/7/2026
153,112,Silver,12/9/2024,5/27/2025
154,65,Gold,4/17/2024,5/3/2025
155,118,Silver,2/18/2025,7/13/2025
156,195,Free,12/6/2024,9/7/2025
157,392,Free,9/25/2024,10/13/2025
158,236,Free,11/22/2024,5/31/2025
159,314,Silver,11/16/2024,6/23/2025
160,500,Free,7/10/2024,1/17/2026
161,249,Silver,12/1/2024,5/24/2025
162,343,Silver,11/12/2024,5/27/2025
163,222,Gold,2/24/2025,7/11/2025
164,427,Silver,4/11/2024,10/31/2025
165,452,Silver,1/27/2025,6/22/2025
166,321,Free,8/13/2024,7/1/2025
167,336,Silver,7/4/2024,2/20/2026
168,64,Free,8/14/2024,10/2/2025
169,378,Gold,10/14/2024,9/14/2025
170,134,Gold,6/18/2024,5/29/2025
171,308,Gold,10/26/2024,6/2/2025
172,5,Free,3/26/2024,4/23/2025
173,431,Gold,1/20/2025,5/5/2025
174,347,Silver,4/9/2024,1/24/2026
175,291,Gold,5/29/2024,3/11/2025
176,142,Gold,12/12/2024,10/24/2025
177,127,Silver,12/12/2024,10/9/2025
178,180,Silver,7/25/2024,7/15/2025
179,108,Silver,2/9/2025,8/24/2025
180,243,Free,12/27/2024,11/18/2025
181,443,Silver,5/24/2024,9/10/2025
182,423,Gold,4/6/2024,2/24/2026
183,53,Silver,2/21/2025,1/19/2026
184,36,Gold,5/9/2024,12/22/2025
185,110,Free,12/15/2024,8/3/2025
186,10,Gold,8/11/2024,6/15/2025
187,202,Gold,6/17/2024,7/12/2025
188,431,Gold,5/26/2024,7/17/2025
189,422,Free,6/30/2024,6/16/2025
190,421,Gold,7/4/2024,5/28/2025
191,470,Silver,1/28/2025,3/13/2025
192,417,Gold,3/1/2024,8/3/2025
193,407,Free,3/5/2024,3/28/2025
194,59,Gold,4/23/2024,12/1/2025
195,310,Free,6/21/2024,6/26/2025
196,405,Silver,9/6/2024,6/19/2025
197,377,Free,9/15/2024,3/29/2025
198,489,Silver,6/19/2024,8/13/2025
199,54,Free,7/17/2024,3/23/2025
200,97,Silver,7/3/2024,1/9/2026
